"TargetModule","Coverage"
"calc","0.8888888888888888"
"calc","0.8888888888888888"
